model,prompt_id,category,prompt,response,time_to_first_token,total_latency,tokens_per_sec,token_count
llama3,1,factual,What is the capital of France?,The capital of France is Paris.,6.33,7.688,1.04,8
llama3,2,factual,What year did World War 2 end?,"World War II ended on September 2, 1945, when Japan formally surrendered to the Allied Powers on board the USS Missouri in Tokyo Bay, Japan. This marked the end of the war in the Pacific and the final victory of the Allies over the Axis powers.

In Europe, the war had ended earlier, on May 8, 1945, with the formal surrender of Germany, known as V-E Day (Victory in Europe Day).

So, to summarize:

* World War II in Europe ended on May 8, 1945 (V-E Day).
* World War II in the Pacific ended on September 2, 1945, with Japan's formal surrender.",0.635,22.849,6.13,140
llama3,3,factual,What is the speed of light?,"The speed of light is a fundamental constant in physics and is denoted by the letter c. It is approximately:

c = 299,792,458 meters per second (m/s)
c = 186,282 miles per second (mi/s)

Or, in more familiar units:

c = 670,616,630 miles per hour (mph)
c = 983,571,056 kilometers per hour (km/h)

The speed of light is the maximum speed at which information or matter can travel in the universe. It is a universal speed limit, and nothing can reach or exceed this speed.",0.593,17.895,6.87,123
llama3,4,factual,Who invented the telephone?,"The invention of the telephone is a story that involves several individuals and groups working over a period of time. While Alexander Graham Bell is often credited with the invention of the telephone, there is ongoing debate and controversy surrounding the issue.

Alexander Graham Bell, a Scottish-born inventor, is widely credited with developing the first practical telephone. In 1876, Bell filed the first patent for a telephone and is often referred to as the inventor of the telephone. He demonstrated the first telephone on March 10, 1876, and his device was the first to be widely adopted and used.

However, there were other inventors and researchers working on similar devices around the same time. Some notable examples include:

1. Elisha Gray, an American inventor, who developed a telephone device in 1876, around the same time as Bell. Gray's device was a water microphone that used a diaphragm and a needle to transmit sound.
2. Antonio Meucci, an Italian inventor, who developed a ""talking telegraph"" in the 1840s. Meucci's device allowed for voice communication over wires and was demonstrated in 1849.
3. Philipp Reis, a German inventor, who developed a device that could transmit the human voice over wires in the 1860s. Reis's device was demonstrated in 1863 and was the first to use a diaphragm and a needle to transmit sound.
4. Samuel Morse, an American inventor, who developed the telegraph in the 1830s. Morse's device used a code system to transmit messages over wires, but it laid the groundwork for the development of the telephone.

In recent years, there has been a growing movement to recognize the contributions of Elisha Gray and Antonio Meucci as inventors of the telephone, rather than just Bell. Some argue that Bell's patent was not the first or only instance of a telephone-like device, and that the invention of the telephone was a collaborative effort that involved many individuals and groups over a period of time.

Ultimately, the question of who invented the telephone is a matter of debate and interpretation. While Alexander Graham Bell is widely credited with developing the first practical telephone, it is clear that the development of the telephone was a complex and collaborative process that involved many individuals and groups working over a period of time.",0.535,82.529,5.7,470
llama3,5,factual,What is the largest planet in the solar system?,"The largest planet in our solar system is Jupiter. It is the fifth planet from the Sun and the largest of all the planets in terms of both mass and size. It has a diameter of approximately 142,984 kilometers (88,846 miles), which is more than 11 times the diameter of the Earth.

Jupiter is a gas giant, meaning that it is primarily composed of hydrogen and helium gases. It has a massive atmosphere with storm systems that can be thousands of kilometers across. The most famous of these is the Great Red Spot, a persistent anticyclonic storm that has been raging for centuries.

Jupiter's size and mass are so great that it is more than 2.5 times the mass of all the other planets in our solar system combined. Its massive size and gravitational pull also make it a significant influence on the orbits of nearby planets, including Earth.",0.62,27.672,6.43,178
llama3,6,reasoning,"If a train travels 60 mph for 2 hours, how far does it go?","A classic problem!

Let's use the formula: Distance = Speed × Time

In this case, the speed is 60 mph, and the time is 2 hours.

First, convert the time from hours to minutes: 2 hours × 60 minutes/hour = 120 minutes

Now, multiply the speed by the time: 60 mph × 120 minutes = 7200 feet

There are 5280 feet in a mile, so:

7200 feet ÷ 5280 feet/mile = approximately 1.36 miles

So, the train travels approximately 1.36 miles in 2 hours.",0.582,18.788,6.81,128
llama3,7,reasoning,"What comes next in the sequence: 2, 4, 8, 16?","That's an easy one!

The sequence is a simple powers-of-2 sequence, so the next number would be:

32",0.799,4.181,6.22,26
llama3,8,reasoning,"If all cats are animals and all animals need food, do cats need food?","A classic example of a logical fallacy!

Just because all cats are animals, and all animals need food, it does not necessarily follow that all cats need food. This is an example of a non sequitur (a conclusion that does not logically follow from the premises).

In this case, the correct conclusion would be: ""All animals need food"" (premise 1) and ""All cats are animals"" (premise 2), but that doesn't necessarily mean ""Cats need food"" (conclusion).

To make a logical connection, we would need to add another premise, such as: ""All animals that are cats need food"" (which is not necessarily true).

So, while it's true that animals in general need food, we can't automatically conclude that all cats need food just because they are animals.",0.536,24.589,6.83,168
llama3,9,reasoning,A bat and ball cost $1.10 total. The bat costs $1 more than the ball. How much i,"A classic problem!

Let's say the cost of the ball is x.

Since the bat costs $1 more than the ball, the cost of the bat is x + $1.

The total cost of the bat and ball together is $1.10, so we can set up the equation:

x + (x + $1) = $1.10

Combine like terms:

2x + $1 = $1.10

Subtract $1 from both sides:

2x = $0.10

Divide both sides by 2:

x = $0.05

So, the ball costs $0.05, or 5 cents.",0.609,19.423,7.0,136
llama3,10,reasoning,What is 15% of 200?,"To find 15% of 200, you can multiply 200 by 0.15.

200 x 0.15 = 30

So, 15% of 200 is 30.",0.554,6.385,6.74,43
llama3,11,coding,Write a Python function that returns the factorial of a number.,"Here is a Python function that calculates the factorial of a given number:
```
def factorial(n):
    if n == 0:
        return 1
    else:
        return n * factorial(n-1)
```
This function uses recursion to calculate the factorial. Here's how it works:

* If the input `n` is 0, the factorial is defined to be 1, so the function returns 1.
* If `n` is not 0, the function calls itself with `n-1` as the input, and multiplies the result by `n`. This process continues until `n` reaches 0, at which point the function returns 1 and the recursion unwinds.

You can test this function with a few examples:
```
print(factorial(5))  # prints 120
print(factorial(3))  # prints 6
print(factorial(0))  # prints 1
```
Note that this function will raise a `RecursionError` if the input `n` is too large, since Python has a limit on the depth of recursion. If you need to calculate factorials for very large numbers, you may want to use an iterative approach instead.",0.546,36.762,6.85,252
llama3,12,coding,Write a Python one-liner to reverse a string.,"A one-liner!

Here it is: `s = input(""Enter a string: ""); print(s[::-1])`

Explanation:

* `s` is the input string, which is stored in a variable.
* `s[::-1]` is the one-liner part. `s[::-1]` is a slice of the string `s`, starting from the end and moving backwards to the beginning, stepping backwards by 1 character each time (`-1` as the step value). This effectively reverses the string.

So, when you run this code, it will ask you to enter a string, and then print the reversed string.",0.569,18.717,7.05,132
llama3,13,coding,What does the SQL SELECT DISTINCT statement do?,"The SQL `SELECT DISTINCT` statement is used to retrieve only unique records from a database table. It is similar to the `SELECT` statement, but with the added functionality of removing duplicate rows.

When you use `SELECT` alone, it returns all rows that match the specified conditions. However, if you have duplicate rows in your table, `SELECT` will return all of them. On the other hand, `SELECT DISTINCT` will return only one instance of each unique row, even if there are multiple rows with the same values.

Here's an example:
```sql
SELECT DISTINCT name, age
FROM customers;
```
This query will return a list of unique `name` and `age` values from the `customers` table. If there are multiple rows with the same `name` and `age`, only one of those rows will be included in the result set.

`SELECT DISTINCT` can be used with multiple columns, like this:
```sql
SELECT DISTINCT country, city
FROM addresses;
```
This query will return a list of unique `country` and `city` combinations from the `addresses` table.

Some key points to keep in mind:

* `SELECT DISTINCT` only removes duplicate rows based on the columns you specify. If you have duplicate rows with different values in other columns, `SELECT DISTINCT` will still return all of them.
* `SELECT DISTINCT` is not the same as `GROUP BY`. `GROUP BY` is used to group rows based on one or more columns, whereas `SELECT DISTINCT` is used to remove duplicate rows.
* If you want to remove duplicate rows based on all columns in a table, you can use `SELECT DISTINCT *` (although this is generally not recommended, as it can be resource-intensive).",0.547,52.463,6.8,357
llama3,14,coding,Write a Python function to check if a number is prime.,"Here is a Python function to check if a number is prime:
```
def is_prime(n):
    if n <= 1:
        return False
    for i in range(2, int(n ** 0.5) + 1):
        if n % i == 0:
            return False
    return True
```
Here's an explanation of how the function works:

1. If the input `n` is less than or equal to 1, it's not prime, so we return `False`.
2. We start a loop from 2 to the square root of `n` (inclusive). This is because if `n` is not prime, it must have a factor less than or equal to its square root.
3. For each `i` in the loop, we check if `n` is divisible by `i` using the modulo operator (`n % i == 0`). If it is, then `n` is not prime, so we return `False`.
4. If the loop completes without finding a divisor, then `n` is prime, so we return `True`.

You can test this function with some examples:
```
print(is_prime(25))  # False
print(is_prime(23))  # True
print(is_prime(37))  # True
print(is_prime(48))  # False
```
Note that this function uses a simple trial division method to check for primality, which is not the most efficient method for large numbers. For larger numbers, you may want to use a more advanced algorithm, such as the Miller-Rabin primality test.",0.633,65.666,5.1,335
llama3,15,coding,What is the time complexity of binary search?,"The time complexity of binary search is O(log n), where n is the number of elements in the array or list being searched.

Binary search works by repeatedly dividing the search space in half and searching for the target element in one of the two halves. This process is repeated until the target element is found or it is determined that the element is not present in the array.

The logarithmic time complexity of binary search arises because the number of elements to be searched decreases by half in each iteration. Specifically, the number of elements to be searched is reduced by a factor of 2 in each iteration, which is equivalent to a logarithmic decrease.

To be more precise, the time complexity of binary search can be expressed as follows:

T(n) = T(n/2) + O(1)

where T(n) is the time complexity of searching for an element in an array of size n, and O(1) represents the constant time required to perform the comparison and decision-making steps in each iteration.

Solving this recurrence relation, we get:

T(n) = O(log n)

which is the time complexity of binary search.",0.814,50.709,4.5,228
llama3,16,summarization,Summarize what machine learning is in 2 sentences.,"Machine learning is a subfield of artificial intelligence that involves training algorithms to make predictions or take actions based on patterns and relationships in data, without being explicitly programmed. By analyzing large datasets and identifying patterns, machine learning models can learn to make accurate predictions, classify objects, or generate new data, allowing them to improve their performance over time with minimal human intervention.",0.992,14.616,4.93,72
llama3,17,summarization,Summarize what blockchain is in 2 sentences.,"Here is a summary of what blockchain is in 2 sentences:

Blockchain is a decentralized, digital ledger technology that allows for the creation and management of a chain of blocks, each containing data or transactions, which are linked together through cryptography and timestamped. This decentralized ledger technology enables secure, transparent, and tamper-proof record-keeping, making it ideal for various applications, including financial transactions, supply chain management, and data verification.",0.687,13.844,6.28,87
llama3,18,summarization,Summarize what the stock market does in 2 sentences.,"Here is a summary of what the stock market does in 2 sentences:

The stock market, also known as the equity market, allows companies to raise capital by issuing shares of stock, which are traded on various exchanges such as the New York Stock Exchange (NYSE) and the NASDAQ. Investors can buy and sell these shares, hoping to profit from the company's growth, dividends, or other factors that affect its stock price, while the market provides a platform for companies to raise funds and for investors to participate in the ownership and potential long-term growth of the companies.",0.54,7.534,15.26,115
llama3,19,summarization,Summarize what DNA is in 2 sentences.,"DNA (deoxyribonucleic acid) is a molecule that contains the genetic instructions used in the development and function of all living organisms. It is a double-stranded helix made up of nucleotides, which are the building blocks of DNA, and is found in the cells of most living things, carrying the genetic information necessary for the creation of proteins, the development of traits, and the passing of traits from one generation to the next.",0.365,5.445,16.9,92
llama3,20,summarization,Summarize what the internet is in 2 sentences.,"The internet is a global network of interconnected computers and servers that communicate with each other using standardized protocols, allowing users to access and share information, communicate with others, and conduct a wide range of online activities. It is a decentralized system, meaning that there is no single organization or entity that controls it, and it is made up of a vast network of websites, databases, and other online resources that can be accessed through various devices and connections.",2.568,7.95,11.2,89
llama3,21,creative,Write a one sentence tagline for a productivity app.,"""Master your time, unlock your potential: Simplify your schedule, boost your focus, and achieve more with Pulse, the ultimate productivity companion.""",0.303,1.852,16.2,30
llama3,22,creative,Write a one sentence tagline for an AI startup.,"""Empowering Human Ingenuity: Amplifying Your Best Ideas with Intelligent Insights""",0.303,1.175,14.47,17
llama3,23,creative,Describe a futuristic city in 2 sentences.,"In the year 2154, the city of Nova Haven gleams with a dazzling array of neon lights and holographic advertisements, its towering skyscrapers and sleek, aerodynamic architecture seeming to defy gravity as they stretch towards the sky. Meanwhile, self-driving hyperloops and grav-trains zoom through the city's network of underground tunnels, whisking residents and visitors away to destinations both near and far.",0.263,5.709,14.36,82
llama3,24,creative,Write a catchy name for a coffee shop.,"I'd love to! Here are some ideas for a catchy name for a coffee shop:

1. **Brewed Awakening**: A playful name that references the caffeine kick of a great cup of coffee.
2. **The Daily Grind**: A clever name that pokes fun at the daily routine of stopping by a coffee shop.
3. **The Cozy Cup**: A warm and inviting name that evokes feelings of comfort and relaxation.
4. **Bean Scene**: A fun, modern name that references the coffee beans that are the heart of any coffee shop.
5. **The Perk**: A simple, yet effective name that highlights the energizing effects of a good cup of coffee.
6. **The Buzzing Bean**: A name that combines the idea of the coffee shop's energy with the buzzing atmosphere of a popular spot.
7. **The Java Joint**: A casual, laid-back name that references the coffee shop's relaxed vibe.
8. **The Roasted Rabbit**: A whimsical name that references the roasting process of coffee beans.
9. **The Cup & Chatter**: A name that emphasizes the social aspect of a coffee shop, where friends and strangers come together to chat.
10. **The Coffee Craft Co.**: A name that highlights the artistry and craftsmanship that goes into creating a great cup of coffee.

Which one do you like best?",0.41,15.846,17.61,279
llama3,25,creative,Write a one sentence motivational quote about data.,"""Data is the foundation of informed decision-making, and with every insight, you have the power to shape your future and drive meaningful change.""",0.463,1.966,14.75,29
llama3,26,analytical,What are 3 advantages of using local AI models over cloud APIs?,"Here are three advantages of using local AI models over cloud APIs:

1. **Faster Processing Times**: By running AI models locally, you can reduce the latency and processing time of your application. Since the data doesn't need to be sent to the cloud and processed remotely, your application can respond faster to user input. This is particularly important for applications that require real-time processing, such as autonomous vehicles, smart home devices, or augmented reality experiences.

2. **Improved Data Privacy and Security**: When you use cloud APIs, your data is sent to a remote server, which can raise concerns about data privacy and security. By running AI models locally, you can keep your data on-device and maintain better control over how it's processed and used. This is especially important for applications that handle sensitive or confidential data, such as healthcare or financial applications.

3. **Increased Flexibility and Autonomy**: Local AI models can be trained and deployed independently of the cloud, giving you more flexibility and autonomy in your application development. You can modify or update your AI models without relying on cloud infrastructure, which can be particularly useful for applications that require frequent updates or customizations. Additionally, local AI models can be used in areas with limited or no internet connectivity, making them ideal for applications that require offline processing.

Overall, using local AI models can provide a more efficient, secure, and flexible solution for your application, while also reducing your reliance on cloud infrastructure.",0.268,15.221,19.05,290
llama3,27,analytical,What are 3 disadvantages of large language models?,"Here are three disadvantages of large language models:

1. **Lack of Common Sense and Real-World Understanding**: While large language models can process vast amounts of text data, they often struggle to understand the nuances of human communication, including idioms, sarcasm, and figurative language. They may not grasp the context or intent behind certain phrases, which can lead to misunderstandings or misinterpretations.
2. **Biased and Unintended Consequences**: Large language models can perpetuate biases and stereotypes present in the training data, which can have unintended consequences, such as reinforcing harmful stereotypes or amplifying discrimination. For example, a model trained on biased data might generate responses that perpetuate gender or racial stereotypes. Additionally, large language models can also perpetuate existing social inequalities by amplifying the voices of those who already have a strong online presence.
3. **Limited Domain Expertise and Knowledge**: While large language models can provide general information on a wide range of topics, they often lack domain-specific knowledge and expertise. This can lead to inaccuracies or incomplete information when it comes to specialized fields, such as medicine, law, or finance. Additionally, large language models may not be able to keep pace with rapidly evolving fields or new scientific discoveries, which can limit their usefulness in these areas.

These limitations highlight the importance of carefully evaluating the performance and limitations of large language models in specific applications, as well as developing strategies to mitigate these disadvantages.",0.277,15.505,18.77,291
llama3,28,analytical,What is the difference between supervised and unsupervised learning?,"In machine learning, there are two primary types of learning: supervised learning and unsupervised learning. The main difference between them is the presence or absence of labeled training data.

**Supervised Learning:**

In supervised learning, the algorithm is trained on labeled data, meaning each example is accompanied by a target or response variable. The goal is to learn a mapping between input data and the corresponding output labels. The algorithm is trained to predict the output value for a given input, based on the patterns it has learned from the labeled data.

Examples of supervised learning:

* Image classification: Training an algorithm to recognize objects in images, where each image is labeled with a specific class (e.g., cat, dog, car).
* Sentiment analysis: Training an algorithm to classify text as positive, negative, or neutral.
* Regression analysis: Training an algorithm to predict a continuous value (e.g., stock prices, temperatures).

**Unsupervised Learning:**

In unsupervised learning, the algorithm is trained on unlabeled data, and the goal is to discover hidden patterns, relationships, or structure in the data. The algorithm does not have any target or response variable to learn.

Examples of unsupervised learning:

* Clustering: Grouping similar data points into clusters without knowing the underlying categories.
* Dimensionality reduction: Reducing the number of features in a dataset while preserving the most important information (e.g., Principal Component Analysis (PCA)).
* Anomaly detection: Identifying unusual data points that do not conform to the patterns in the rest of the data.

Key differences:

* **Labeled data:** Supervised learning requires labeled data, while unsupervised learning does not.
* **Target variable:** Supervised learning has a target or response variable to predict, while unsupervised learning does not.
* **Goal:** Supervised learning aims to learn a mapping between input and output, while unsupervised learning aims to discover patterns or structure in the data.

In summary, supervised learning is about training an algorithm to make predictions based on labeled data, while unsupervised learning is about discovering patterns and relationships in unlabeled data.",0.313,23.393,18.38,430
llama3,29,analytical,What are 3 use cases for RAG systems?,"RAG stands for Red, Amber, and Green, a system commonly used to indicate the status of a process, project, or issue. Here are three use cases for RAG systems:

1. **Project Management**: In project management, RAG systems are often used to track the progress of individual tasks or projects. The status is typically indicated as:
	* Red (Delayed or At Risk): The project is behind schedule, or there are significant risks that need to be addressed.
	* Amber (On Track but Attention Required): The project is on schedule, but there are some issues that need to be monitored or addressed.
	* Green (On Track and Healthy): The project is progressing as planned, and there are no significant issues or risks.
2. **Issue Tracking**: In issue tracking, RAG systems are used to categorize and prioritize issues based on their severity and urgency. For example:
	* Red: Critical issues that require immediate attention and resolution.
	* Amber: Important issues that need to be addressed in a timely manner.
	* Green: Minor issues that can be monitored and addressed at a later time.
3. **Quality Control**: In quality control, RAG systems are used to monitor and track the quality of a process or product. For example:
	* Red: Out-of-specification or defective products that require immediate rework or recall.
	* Amber: Products that are near the quality threshold and require closer monitoring.
	* Green: Products that meet the quality standards and are suitable for release.

These are just a few examples of how RAG systems can be used. The key idea is to use a simple, intuitive system to visually indicate the status of a process, project, or issue, allowing for quick and easy decision-making.",0.331,19.316,18.53,358
llama3,30,analytical,What is the tradeoff between model size and inference speed?,"The eternal tradeoff!

In deep learning, the tradeoff between model size and inference speed refers to the relationship between the size of a neural network model and its ability to perform fast and efficient inference (i.e., making predictions on new, unseen data). In general, larger models tend to be more accurate, but they also require more computational resources and can be slower to infer.

Here are some key points to consider:

**Larger models:**

* Advantages:
	+ Can be more accurate and perform better on complex tasks
	+ Can capture more subtle patterns and relationships in the data
* Disadvantages:
	+ Require more computational resources (e.g., memory, processing power)
	+ Can be slower to infer, leading to longer latency and reduced real-time performance
	+ May be more prone to overfitting, especially if the training dataset is small

**Smaller models:**

* Advantages:
	+ Can be faster to infer, allowing for real-time performance and reduced latency
	+ Require fewer computational resources, making them more suitable for resource-constrained environments
	+ Can be more robust to overfitting, especially if the training dataset is small
* Disadvantages:
	+ May not be as accurate or perform as well on complex tasks
	+ May not capture subtle patterns and relationships in the data
	+ Can be more prone to underfitting, especially if the training dataset is small

**Key factors that influence the tradeoff:**

1. **Model architecture**: The choice of architecture, such as the number of layers, the size of the hidden layers, and the activation functions used, can impact the tradeoff between model size and inference speed.
2. **Data size and complexity**: The size and complexity of the training dataset can influence the tradeoff. Larger datasets with more complex relationships may require larger models, while smaller datasets with simpler relationships may benefit from smaller models.
3. **Target latency and accuracy**: The specific requirements of the application or use case can influence the tradeoff. For example, if real-time performance is critical, a smaller model may be preferred, while if high accuracy is the primary goal, a larger model may be justified.
4. **Computational resources**: The availability and cost of computational resources, such as GPUs or TPUs, can influence the tradeoff. Larger models may require more resources, which may not be available or affordable.

**Strategies to mitigate the tradeoff:**

1. **Model pruning**: Removing unimportant weights and connections from the model can reduce its size while preserving its performance.
2. **Knowledge distillation**: Training a smaller model to mimic the behavior of a larger model can reduce the size of the model while retaining its accuracy.
3. **Model compression**: Techniques like quantization, Huffman coding, and entropy coding can reduce the size of the model while preserving its performance.
4. **Parallelization and distributed computing**: Distributing the computation across multiple devices or nodes can speed up inference and reduce the impact of model size on inference speed.

In summary, the tradeoff between model size and inference speed is a fundamental challenge in deep learning. By understanding the factors that influence the tradeoff and applying strategies to mitigate it, you can find a balance that meets the requirements of your specific use case.",0.299,34.294,19.48,668
llama3.2,1,factual,What is the capital of France?,The capital of France is Paris.,3.436,3.608,2.22,8
llama3.2,2,factual,What year did World War 2 end?,"World War II ended in 1945. The war in Europe officially ended on May 8, 1945, known as V-E Day (Victory in Europe Day). The war in the Pacific ended on September 2, 1945, when Japan formally surrendered to the Allied Powers on board the USS Missouri, marking the end of World War II.",0.166,1.967,37.63,74
llama3.2,3,factual,What is the speed of light?,"The speed of light is a fundamental constant in physics and is denoted by the letter c. The speed of light in a vacuum is approximately 299,792,458 meters per second (m/s). This value is widely accepted and is used as a standard unit of measurement in many scientific applications.",0.159,1.637,37.27,61
llama3.2,4,factual,Who invented the telephone?,"The invention of the telephone is credited to Alexander Graham Bell, a Scottish-born inventor and scientist. He patented the first practical telephone on March 7, 1876, in Boston, Massachusetts. However, there is some controversy over whether Bell was the sole inventor of the telephone, as another inventor, Elisha Gray, had filed a caveat for a similar invention just hours after Bell.

Despite the controversy, Bell is widely recognized as the inventor of the first practical telephone, and his design revolutionized communication by allowing people to speak to each other in real-time over long distances.",0.16,3.02,38.74,117
llama3.2,5,factual,What is the largest planet in the solar system?,"The largest planet in our solar system is Jupiter. It has a diameter of approximately 142,984 kilometers (88,846 miles), which is more than 11 times the diameter of the Earth.",0.163,1.148,35.73,41
llama3.2,6,reasoning,"If a train travels 60 mph for 2 hours, how far does it go?","To find the distance traveled, you multiply the speed (60 mph) by the time (2 hours).

Distance = Speed x Time
Distance = 60 mph x 2 hours
Distance = 120 miles

So, the train travels 120 miles.",0.157,1.441,36.79,53
llama3.2,7,reasoning,"What comes next in the sequence: 2, 4, 8, 16?","The sequence is obtained by multiplying the previous term by 2.

2 × 2 = 4
4 × 2 = 8
8 × 2 = 16
16 × 2 = 32

Therefore, the next term in the sequence is 32.",0.157,1.749,33.16,58
llama3.2,8,reasoning,"If all cats are animals and all animals need food, do cats need food?","A classic example of a syllogism.

To break it down:

1. All cats are animals.
2. All animals need food.

From these two premises, we can conclude:

...and therefore, cats need food.

The argument is logically sound, and the conclusion is supported by the premises. Therefore, yes, according to this argument, cats do need food.",0.196,2.059,36.92,76
llama3.2,9,reasoning,A bat and ball cost $1.10 total. The bat costs $1 more than the ball. How much i,"Let's call the cost of the ball ""x"".

Since the bat costs $1 more than the ball, the cost of the bat is x + 1.

The total cost of the bat and ball together is $1.10, so we can set up the equation:

x + (x + 1) = 1.10

Combine like terms:

2x + 1 = 1.10

Subtract 1 from both sides:

2x = 0.10

Divide both sides by 2:

x = 0.05

So the ball costs $0.05, or 5 cents.",0.157,3.349,39.11,131
llama3.2,10,reasoning,What is 15% of 200?,"To calculate 15% of 200, multiply 200 by 0.15.

200 x 0.15 = 30

So, 15% of 200 is 30.",0.166,1.147,35.74,41
llama3.2,11,coding,Write a Python function that returns the factorial of a number.,"def factorial(n):
    """"""
    Calculate the factorial of a number.

    Args:
    n (int): The number to calculate the factorial of.

    Returns:
    int: The factorial of n.

    Raises:
    ValueError: If n is a negative number.
    """"""

    if not isinstance(n, int):
        raise TypeError(""Input must be an integer."")
    if n < 0:
        raise ValueError(""Input must be a non-negative integer."")
    elif n == 0:
        return 1
    else:
        return n * factorial(n-1)",0.162,3.025,38.68,117
llama3.2,12,coding,Write a Python one-liner to reverse a string.,s = 'hello'[::-1],0.163,0.358,25.16,9
llama3.2,13,coding,What does the SQL SELECT DISTINCT statement do?,"The SQL SELECT DISTINCT statement is used to retrieve unique rows from a table. It returns only the distinct values from a specified column, excluding duplicate values.

When you use SELECT DISTINCT, SQL ignores duplicate rows and only returns each row once. This is useful when you want to get a list of unique values, such as a list of unique employee names, or a list of unique product codes.

Here's an example of using SELECT DISTINCT:

```sql
SELECT DISTINCT department
FROM employees;
```

This query would return a list of unique department names from the employees table.

Note that SELECT DISTINCT is not a subquery and can't be used with other SQL statements like SELECT, UPDATE, INSERT, or DELETE, unless those statements are used in combination with the SELECT DISTINCT statement.

For instance, you can use SELECT DISTINCT with a subquery like this:

```sql
SELECT DISTINCT department
FROM (
  SELECT department
  FROM employees
  GROUP BY department
);
```

However, this is not the most efficient way to get the unique departments from the employees table, and would likely be much faster to use a simple SELECT DISTINCT statement.",0.159,5.75,39.82,229
llama3.2,14,coding,Write a Python function to check if a number is prime.,"def is_prime(n):
    """"""
    Checks if a number is prime.

    Args:
    n (int): The number to check.

    Returns:
    bool: True if the number is prime, False otherwise.
    """"""
    if n <= 1:
        return False
    if n == 2:
        return True
    if n % 2 == 0:
        return False
    max_divisor = int(n**0.5) + 1
    for d in range(3, max_divisor, 2):
        if n % d == 0:
            return False
    return True",0.163,3.335,38.98,130
llama3.2,15,coding,What is the time complexity of binary search?,"The time complexity of binary search is O(log n), where n is the number of elements in the sorted array. This is because binary search works by dividing the search space in half at each step, effectively reducing the number of comparisons needed to find an element by half at each step.",0.162,1.56,37.19,58
llama3.2,16,summarization,Summarize what machine learning is in 2 sentences.,"Machine learning is a type of artificial intelligence that enables computers to automatically learn and improve their performance on a task without being explicitly programmed for it. It involves training algorithms on large datasets, allowing them to identify patterns, make predictions, and make decisions based on the data, without being manually instructed on how to do so.",0.164,1.72,37.21,64
llama3.2,17,summarization,Summarize what blockchain is in 2 sentences.,"Blockchain is a decentralized, digital ledger that records transactions and data across a network of computers, allowing for secure, transparent, and tamper-proof data storage. It uses cryptography to verify and validate transactions, and once recorded, they are stored in a permanent and unalterable format, making it a secure and trustworthy way to store and manage data.",0.159,1.935,36.18,70
llama3.2,18,summarization,Summarize what the stock market does in 2 sentences.,"The stock market, also known as the equity market, allows individuals and institutions to buy and sell ownership shares of companies, with the goal of earning a profit through dividends, capital appreciation, or selling shares at a higher price than purchased. It provides a platform for companies to raise capital, and for investors to invest in businesses with the potential for growth, providing a way to invest in the success of companies and potentially share in their profits.",0.166,2.402,36.64,88
llama3.2,19,summarization,Summarize what DNA is in 2 sentences.,"DNA (Deoxyribonucleic acid) is a molecule that contains the genetic instructions used in the development and function of all living organisms. It is often referred to as the ""blueprint"" or ""instructions"" for life, as it holds the genetic information necessary for the creation, growth, and reproduction of cells and organisms.",0.162,1.815,37.47,68
llama3.2,20,summarization,Summarize what the internet is in 2 sentences.,"The internet is a global network of interconnected computers and servers that store and transmit information, enabling users to access and share vast amounts of data, communicate with others, and access various online services. It is a complex system that allows for the exchange of information, ideas, and resources between individuals, organizations, and governments, revolutionizing the way we live, work, and interact with one another.",0.163,2.077,38.03,79
llama3.2,21,creative,Write a one sentence tagline for a productivity app.,"""Unlock your full potential with FocusFlow, the ultimate productivity tool that helps you stay on track and achieve your goals.""",0.162,0.75,33.32,25
llama3.2,22,creative,Write a one sentence tagline for an AI startup.,"""Empowering innovation with intelligent solutions that bridge human and machine potential.""",0.232,0.578,25.95,15
llama3.2,23,creative,Describe a futuristic city in 2 sentences.,"The city of Nova Haven sprawls across a series of interconnected floating islands, its towering spires and glittering skyscrapers piercing the sky like shards of crystal, as holographic advertisements and neon lights dance across its facade. Within its winding streets, self-driving vehicles and levitating walkways ferry citizens through a bustling metropolis of augmented reality interfaces, bioluminescent gardens, and sustainable eco-domes that blend seamlessly into the city's ever-changing landscape.",0.16,2.423,38.38,93
llama3.2,24,creative,Write a catchy name for a coffee shop.,"Here are some ideas for a catchy name for a coffee shop:

1. **Brewed Awakening**: This name suggests that the coffee shop will help customers wake up and start their day off right.
2. **The Cozy Cup**: This name evokes a sense of warmth and comfort, implying that customers will find a welcoming atmosphere at the shop.
3. **Java Joint**: This name has a casual, laid-back vibe, suggesting that the shop is a relaxed spot to grab a cup of coffee.
4. **The Daily Grind**: This name plays on the idea of coffee being a daily ritual, and the phrase ""the daily grind"" has a fun, tongue-in-cheek tone.
5. **Perk & Co.**: This name incorporates a playful reference to the caffeine ""perk"" that coffee lovers love, and the ""& Co."" suggests a company or community.
6. **The Coffee Club**: This name implies that customers will be part of a exclusive group, and the word ""club"" suggests a sense of camaraderie.
7. **Roasted with Love**: This name suggests that the coffee shop is passionate about its products, and the phrase ""roasted with love"" has a warm, personal touch.
8. **The Bean Scene**: This name incorporates a playful reference to coffee beans, and the word ""scene"" suggests a fun, lively atmosphere.
9. **Café Craft**: This name emphasizes the idea of craftsmanship and quality, suggesting that the shop takes pride in its coffee-making skills.
10. **Fuel & Flourish**: This name suggests that the shop will help customers fuel up and feel energized, with the word ""flourish"" implying growth and vitality.

I hope one of these ideas sparks some inspiration for your coffee shop's name!",0.163,9.105,39.98,364
llama3.2,25,creative,Write a one sentence motivational quote about data.,"""Data is the spark that ignites the flame of knowledge, allowing us to navigate the unknown, make informed decisions, and create a brighter future.""",0.161,0.897,34.58,31
llama3.2,26,analytical,What are 3 advantages of using local AI models over cloud APIs?,"Here are three advantages of using local AI models over cloud APIs:

1. **Data Security and Privacy**: Using local AI models on-premises or on a local device means that sensitive data remains within the organization's control, reducing the risk of data breaches or unauthorized access. This is particularly important for industries that handle sensitive information, such as healthcare or finance. By storing and processing data locally, organizations can better protect their data and meet regulatory requirements.

2. **Low Latency and High Performance**: Local AI models can process data in real-time, providing faster and more accurate results compared to cloud-based APIs. This is because local models don't require internet connectivity or involve latency introduced by network connections. Local AI models can also be optimized for specific hardware and environments, leading to better performance and efficiency.

3. **Reduced Dependence on Internet Connectivity**: Using local AI models reduces the dependence on internet connectivity, which can be unreliable or unavailable in certain situations. This is particularly important for applications that require real-time processing, such as autonomous vehicles or industrial automation. By having a local AI model, these applications can still function even when internet connectivity is lost or unavailable.",0.161,5.895,39.69,234
llama3.2,27,analytical,What are 3 disadvantages of large language models?,"Here are 3 disadvantages of large language models:

1. **Lack of Common Sense and World Knowledge**: Despite their ability to process vast amounts of text data, large language models often struggle with common sense and real-world knowledge. They may not always understand the nuances of human communication, leading to misinterpretations or inappropriate responses.

2. **Dependence on Training Data**: Large language models are only as good as the data they were trained on. If the training data is biased, incomplete, or inaccurate, the model's performance will suffer. This can lead to the perpetuation of stereotypes, misinformation, and other negative consequences.

3. **Vulnerability to Adversarial Attacks**: Large language models can be vulnerable to adversarial attacks, which are designed to manipulate the model's output or cause it to behave in an unintended way. These attacks can be used to generate malicious content, such as fake news or propaganda, or to compromise the model's security and integrity.",0.158,4.98,39.56,197
llama3.2,28,analytical,What is the difference between supervised and unsupervised learning?,"In machine learning, supervised and unsupervised learning are two fundamental types of learning approaches that are used to train models.

**Supervised Learning:**

In supervised learning, the model is trained on labeled data, where each example is accompanied by a target output. The goal of supervised learning is to learn a mapping between input data and output labels, so the model can make predictions on new, unseen data.

In supervised learning, the model is trained on data that is already labeled, which allows it to learn the relationships between the input data and the target output. This type of learning is useful for tasks such as:

* Image classification (e.g., identifying objects in images)
* Natural language processing (e.g., sentiment analysis, machine translation)
* Regression (e.g., predicting a continuous output variable)

**Unsupervised Learning:**

In unsupervised learning, the model is trained on unlabeled data, and it must identify patterns, relationships, or structure in the data without any prior knowledge of the expected output. The goal of unsupervised learning is to discover hidden patterns or relationships in the data that are not explicitly stated.

In unsupervised learning, the model is trained on data that is not labeled, which means it must learn from the data itself. This type of learning is useful for tasks such as:

* Clustering (e.g., grouping similar data points together)
* Dimensionality reduction (e.g., reducing the number of features in a dataset)
* Anomaly detection (e.g., identifying data points that do not belong to a cluster)

**Key differences:**

1. **Labeled vs. Unlabeled data:** Supervised learning uses labeled data, while unsupervised learning uses unlabeled data.
2. **Training goal:** Supervised learning aims to learn a mapping between input data and output labels, while unsupervised learning aims to discover patterns or relationships in the data.
3. **Model evaluation:** Supervised learning models are typically evaluated using metrics such as accuracy, precision, and recall, while unsupervised learning models are typically evaluated using metrics such as clustering evaluation metrics (e.g., silhouette score, calinski-harabasz index).

In summary, supervised learning is used when you have labeled data and want to learn a mapping between input data and output labels, while unsupervised learning is used when you have unlabeled data and want to discover patterns or relationships in the data.",0.164,12.259,39.97,490
llama3.2,29,analytical,What are 3 use cases for RAG systems?,"A RAG (Risk Assessment Grid) system is a tool used to categorize and prioritize risks based on their likelihood and impact. Here are three use cases for RAG systems:

1. **Project Management**: In project management, RAG systems are often used to identify, assess, and prioritize risks that could impact a project's success. By using a RAG system, project managers can categorize risks into four quadrants:
	* **Low Risk**: Low likelihood and low impact
	* **Moderate Risk**: Moderate likelihood and moderate impact
	* **High Risk**: High likelihood and high impact
	* **Critical Risk**: Critical likelihood and high impact

This helps project managers to focus on the most critical risks and develop mitigation strategies to minimize their impact.

2. **Operational Risk Management**: In operational risk management, RAG systems are used to assess and prioritize risks that could impact an organization's operations. By using a RAG system, organizations can identify risks such as:
	* Financial risk
	* Reputation risk
	* Regulatory risk
	* Operational risk

By categorizing these risks into four quadrants, organizations can prioritize their risk mitigation efforts and develop strategies to minimize the impact of high-risk risks.

3. **Business Continuity Planning**: In business continuity planning, RAG systems are used to assess and prioritize risks that could impact an organization's ability to continue operating in the event of an emergency or disaster. By using a RAG system, organizations can identify risks such as:
	* Natural disasters
	* Cyber attacks
	* Supply chain disruptions
	* Employee absences

By categorizing these risks into four quadrants, organizations can prioritize their risk mitigation efforts and develop strategies to minimize the impact of high-risk risks and ensure business continuity.",0.167,9.069,39.81,361
llama3.2,30,analytical,What is the tradeoff between model size and inference speed?,"The tradeoff between model size and inference speed is a fundamental concept in deep learning, particularly in the context of neural networks.

**Model Size:**

Model size refers to the number of parameters and the complexity of the neural network architecture. Larger models have more parameters, which allows them to learn more complex representations of the data. However, this comes at the cost of increased computational requirements and memory usage.

**Inference Speed:**

Inference speed refers to the time it takes to make predictions or classify input data using a trained model. Faster inference speeds are essential for applications where real-time processing is critical, such as in mobile devices, edge AI, or video analysis.

**Tradeoff:**

The tradeoff between model size and inference speed can be summarized as follows:

1. **Model Size vs. Inference Speed:**
	* Smaller models (e.g., MobileNet, ShuffleNet) have fewer parameters and are typically faster to infer, but may not capture as much complexity in the data.
	* Larger models (e.g., ResNet, Inception) have more parameters and can capture more complex patterns in the data, but are generally slower to infer.
2. **Model Size vs. Accuracy:**
	* Larger models tend to perform better on benchmark datasets, as they can learn more complex representations of the data.
	* Smaller models may sacrifice some accuracy in favor of faster inference speeds.
3. **Model Size vs. Energy Efficiency:**
	* Smaller models require less energy to train and deploy, as they require fewer parameters and computations.
	* Larger models require more energy to train and deploy, as they require more parameters and computations.

**Optimization Techniques:**

To mitigate the tradeoff between model size and inference speed, various optimization techniques have been developed:

1. **Quantization:** Reduces the precision of model weights and activations, which reduces the number of bits required to represent the model.
2. **Knowledge Distillation:** Transfers knowledge from a large pre-trained model to a smaller model, allowing the smaller model to capture some of the complexity of the larger model.
3. **Pruning:** Removes redundant or unnecessary parameters from the model, which reduces the number of parameters and computations required.
4. **Binary Neural Networks:** Uses binary weights (0s and 1s) instead of floating-point weights, which reduces the number of bits required to represent the model.
5. **Model Compression:** Uses techniques such as Huffman coding or arithmetic coding to compress the model, which reduces the size of the model.

By applying these optimization techniques, researchers and practitioners can find a balance between model size and inference speed, depending on the specific requirements of the application.",0.166,13.776,39.56,545
deepseek-r1:1.5b,1,factual,What is the capital of France?,The capital of France is Paris.,1.958,9.089,54.79,498
deepseek-r1:1.5b,2,factual,What year did World War 2 end?,World War 2 concluded in 1945.,0.137,8.658,68.61,594
deepseek-r1:1.5b,3,factual,What is the speed of light?,"The speed of light is a fundamental constant in physics, approximately 299,792,458 meters per second. This value is derived from the definition of the meter, which is based on the distance light travels in a vacuum over 1/299,792,458 of a second. The speed of light is universally constant, meaning it remains the same regardless of the observer's motion or the source of light. 

In different units:
- In meters per second: 299,792,458 m/s
- In miles per hour: Approximately 670,616,629 mph

The speed of light is crucial in physics, serving as a reference point for the meter's definition and influencing applications across various fields of science.",0.226,12.696,67.98,863
deepseek-r1:1.5b,4,factual,Who invented the telephone?,"The telephone was invented by Alexander Graham Bell, an American inventor and electrical engineer. Bell worked at Bell Labs, a technical research and development center, and his discovery of the telephone mechanism led to the development of the telephone as we know it today. Bell's work, including his collaboration with other inventors, contributed significantly to the evolution of modern communication technology.",0.178,6.966,68.19,475
deepseek-r1:1.5b,5,factual,What is the largest planet in the solar system?,"Mercury is the largest planet in the solar system, with a diameter of approximately 4,879 kilometers, making it the biggest planet overall. While Jupiter is much larger, Mercury holds the title as the largest. 

**Answer:** Mercury is the largest planet in the solar system.",0.138,4.209,67.95,286
deepseek-r1:1.5b,6,reasoning,"If a train travels 60 mph for 2 hours, how far does it go?","To determine how far the train travels, we can use the basic formula that relates distance, speed, and time:

\[
\text{Distance} = \text{Speed} \times \text{Time}
\]

**Given:**
- Speed of the train = 60 miles per hour (mph)
- Time traveled = 2 hours

**Step-by-Step Calculation:**

1. **Identify the values:**
   - Speed (\( v \)) = 60 mph
   - Time (\( t \)) = 2 hours

2. **Plug the values into the formula:**
   \[
   \text{Distance} = 60 \, \text{mph} \times 2 \, \text{hours}
   \]

3. **Perform the multiplication:**
   \[
   \text{Distance} = 120 \, \text{miles}
   \]

**Final Answer:**

\[
\boxed{120 \text{ miles}}
\]",0.184,4.374,66.99,293
deepseek-r1:1.5b,7,reasoning,"What comes next in the sequence: 2, 4, 8, 16?","**Solution:**

We are given the sequence:  
2, 4, 8, 16

Let's identify the pattern:

- **First term:** 2  
- **Second term:** 4  
- **Third term:** 8  
- **Fourth term:** 16  

**Pattern:**  
Each term is obtained by multiplying the previous term by **2**.  

- **2 × 2 = 4**  
- **4 × 2 = 8**  
- **8 × 2 = 16**  

**Next term:**  
Continuing the pattern, we multiply the last term by 2:  
**16 × 2 = 32**

**Final Answer:**  
\boxed{32}",0.136,3.868,67.48,261
deepseek-r1:1.5b,8,reasoning,"If all cats are animals and all animals need food, do cats need food?","The statement ""All cats are animals and all animals need food"" is evaluated through syllogistic logic. The first premise holds, but the second premise is problematic. While some animals do need food, not all. Thus, the conclusion that all cats need food is flawed because the premise about animals needing food is incorrect. Therefore, the argument has a logical fallacy, and cats may or may not need food based on individual circumstances. 

**Answer:** The argument is logically flawed because the premise that ""all animals need food"" is not universally true. Hence, cats, being a subset of animals, do not necessarily need food.",0.138,10.712,68.05,729
deepseek-r1:1.5b,9,reasoning,A bat and ball cost $1.10 total. The bat costs $1 more than the ball. How much i,"Let's solve the problem step by step.

**Problem:**
A bat and a ball cost \$1.10 in total. The bat costs \$1 more than the ball. How much is the ball?

**Solution:**

1. **Define Variables:**
   - Let the cost of the **ball** be \( x \) dollars.
   - Since the bat costs \$1 more than the ball, the cost of the **bat** is \( x + 1 \) dollars.

2. **Set Up the Equation:**
   - The total cost of the bat and the ball is \$1.10.
   - Therefore, we can write the equation:
     \[
     x + (x + 1) = 1.10
     \]

3. **Simplify the Equation:**
   - Combine like terms:
     \[
     2x + 1 = 1.10
     \]
   
4. **Solve for \( x \):**
   - Subtract 1 from both sides:
     \[
     2x = 1.10 - 1
     \]
     \[
     2x = 0.10
     \]
   - Divide both sides by 2:
     \[
     x = \frac{0.10}{2}
     \]
     \[
     x = 0.05
     \]

5. **Conclusion:**
   - The **ball** costs **\$0.05**, which is 5 cents.

**Final Answer:**
\[
\boxed{0.05}
\]",0.138,7.23,67.91,491
deepseek-r1:1.5b,10,reasoning,What is 15% of 200?,"To find 15% of 200, follow these easy steps:

1. **Understand the Percentage:**
   - 15% means 15 out of 100.
   
2. **Convert Percentage to Decimal:**
   - Divide 15 by 100 to get 0.15.
   
3. **Multiply by the Number:**
   - Multiply 0.15 by 200.
   
   \[
   0.15 \times 200 = 30
   \]
   
4. **Final Answer:**
   - 15% of 200 is \(\boxed{30}\)",0.138,3.415,67.06,229
deepseek-r1:1.5b,11,coding,Write a Python function that returns the factorial of a number.,"To solve this problem, we need to write a Python function that returns the factorial of a given number. The factorial of a number \( n \) (denoted as \( n! \)) is the product of all positive integers from 1 to \( n \). 

### Approach
The approach to solve this problem involves the following steps:

1. **Handle Edge Cases**: 
   - If the input number is negative, return 0. This is because the factorial of a negative number is undefined in mathematics.
   - If the input number is 0, return 1. This is the base case for factorial calculations, as \( 0! = 1 \).
   - If the input number is 1, return 1. This is the second base case for factorial calculations.

2. **Iterative Calculation**:
   - Initialize a variable `result` to 1.
   - Loop from 1 to the input number (inclusive) and multiply each integer in the loop into `result`.
   - Return the computed product as the result.

This approach ensures that we efficiently compute the factorial using a simple loop, which is both time and space efficient.

### Solution Code

```python
def factorial(n):
    if n < 0:
        return 0
    if n == 0:
        return 1
    result = 1
    for i in range(1, n + 1):
        result *= i
    return result
```

### Explanation
- **Edge Cases Handling**: The function first checks if the input is negative, in which case it returns 0. If the input is 0 or 1, it returns 1 immediately.
- **Loop for Calculation**: For positive integers greater than 1, the function initializes `result` to 1 and then iterates from 1 to \( n \), multiplying each value in the loop to `result`. This effectively computes the factorial by multiplying all integers up to \( n \).

This method ensures that the function is both efficient and easy to understand, providing the correct factorial value for non-negative integers.",0.137,26.676,68.19,1819
deepseek-r1:1.5b,12,coding,Write a Python one-liner to reverse a string.,"To reverse a string in Python, we can utilize the slicing feature. The slicing syntax allows us to take a substring from a string, starting at a specific index and ending at another index. By using a negative step, we can achieve the reverse effect.

**Step-by-step Explanation:**

1. **Understand Slicing in Python:** In Python, string slicing is done using `s[start:end]`, where `start` is the index where the substring begins, and `end` is the index where the substring ends (but not included).
2. **Reverse the String:** To reverse a string, we start at the last character and end at the first character. This is achieved by using `s[1:-1]` for a string `s`, which gives the substring from index 1 to the second last character. However, for a more straightforward and concise approach, we can use `s[::-1]`, which reverses the string in a single step.

**Python Code:**

```python
s = ""Hello World""
reversed_s = s[::-1]
print(reversed_s)
```

**Final One-Liner:**

```python
print("""".join(reversed_s))
```

But the most concise way is to use slicing directly:

```python
s[::-1]
```

This single expression returns the string reversed.",0.139,20.211,68.43,1383
deepseek-r1:1.5b,13,coding,What does the SQL SELECT DISTINCT statement do?,"The SQL SELECT DISTINCT statement is used to return a result set that contains only distinct values from the specified columns. It ensures that each value is unique, effectively removing duplicates within a column or across columns if required.

**Key Points:**

1. **Remove Duplicates Within a Column:** 
   - When used on a single column, it returns only unique values from that column. For example, if a table has two entries with the same ID, SELECT DISTINCT ID would return only one unique ID.

2. **Remove Duplicates Across Columns:**
   - If used without a column, it ensures that all values in the result set are unique across all columns. This is often used when column names should maintain uniqueness, such as when you want to maintain column names but remove duplicates.

3. **Syntax:**
   - The syntax is straightforward: `SELECT DISTINCT column1, column2 FROM table_name;`
   - You can alias columns if needed, though it's not necessary for the DISTINCT statement.

**Examples:**

1. **Duplicating a Single Column:**
   ```sql
   SELECT DISTINCT Name FROM Employees;
   ```
   - This query returns a list of unique names from the Employees table.

2. **Duplicating Multiple Columns:**
   ```sql
   SELECT ID, DISTINCT ID, DISTINCT LastName FROM Employees;
   ```
   - Here, both ID and Lastname columns are made unique, with ID being the primary unique identifier.

3. **Using Aliases for Column Names:**
   ```sql
   SELECT ID, ID AS DISTINCT_ID FROM Employees;
   ```
   - This query renames the ID column to DISTINCT_ID, ensuring uniqueness while preserving all original data.

**Important Considerations:**
- Ensure that the column names you're working with match exactly, including case and punctuation, to avoid unintended duplicates.
- Always test your queries with a small dataset to verify that duplicates are correctly removed.

In summary, the SELECT DISTINCT statement is a powerful tool for ensuring data uniqueness in your SQL queries, whether you need to remove duplicates within a column or across columns.",0.148,18.092,68.54,1240
deepseek-r1:1.5b,14,coding,Write a Python function to check if a number is prime.,"To determine if a number is prime, we need to check its divisibility. A prime number is greater than 1 and has no divisors other than 1 and itself. Here's a step-by-step approach to check for primality in Python:

1. **Check for numbers less than or equal to 1**: These are not prime.
2. **Check for prime numbers 2 and 3**: These are prime.
3. **Check for even numbers**: If the number is even and greater than 2, it's not prime.
4. **Check for odd divisors**: For numbers greater than 2, check divisibility from 3 up to the square root of the number, only considering odd divisors.

Here is the Python function implementing this approach:

```python
import math

def is_prime(n):
    if n <= 1:
        return False
    if n == 2 or n == 3:
        return True
    if n % 2 == 0:
        return False
    for i in range(3, int(math.sqrt(n)) + 1, 2):
        if n % i == 0:
            return False
    return True
```

**Explanation:**

- **Import Math Module**: Used to calculate the square root of the number.
- **Base Cases**: Numbers less than or equal to 1 are not prime. 2 and 3 are primes.
- **Even Check**: If the number is even and greater than 2, it's not prime.
- **Odd Divisors Check**: For odd numbers greater than 3, check divisibility by odd numbers up to the square root. If any divisor is found, the number is not prime.

This function efficiently determines the primality of a number by minimizing the number of checks required, making it suitable for larger numbers.",0.14,22.489,68.57,1542
deepseek-r1:1.5b,15,coding,What is the time complexity of binary search?,"To determine the time complexity of binary search, let's analyze the process step by step.

### How Binary Search Works
1. **Initial Interval**: Start with the entire array to search.
2. **Midpoint Calculation**: Find the middle element of the current interval.
3. **Comparison**:
   - If the target element equals the middle element, the search is complete.
   - If the target is greater than the middle element, search the right half of the array.
   - If the target is less than the middle element, search the left half of the array.
4. **Repeat**: Continue halving the interval until the target is found or the interval is reduced to zero size.

### Time Complexity Analysis
- **Number of Comparisons**: Each comparison effectively halves the search space. For an array of size \( n \), the number of comparisons is proportional to the logarithm of \( n \).
- **Logarithmic Growth**: The time complexity is \( O(\log n) \), where the base of the logarithm is 2.

### Example
For an array of length \( n \):
- The maximum number of steps required is \( \lceil \log_2 n \rceil \).
- This means the time complexity is \( O(\log n) \).

### Final Answer
\[
\boxed{O(\log n)}
\]",0.14,5.473,67.61,370
deepseek-r1:1.5b,16,summarization,Summarize what machine learning is in 2 sentences.,"Machine learning is a method where algorithms learn from data to improve their performance, enabling systems to recognize patterns and make decisions with limited prior knowledge.",0.139,3.158,66.81,211
deepseek-r1:1.5b,17,summarization,Summarize what blockchain is in 2 sentences.,"Blockchain is a decentralized, secure digital system that stores and manages data in blocks across a network for secure, secure transactions and to prevent fraud. It is composed of a series of blocks, data stored sequentially, and transactions verified by computers ensuring authenticity and integrity.",0.136,9.475,68.39,648
deepseek-r1:1.5b,18,summarization,Summarize what the stock market does in 2 sentences.,"The stock market is a platform where individuals buy and sell stocks, representing ownership in companies. It is a global market where a wide range of stocks and company types trade, aiding investors in making informed decisions.",0.139,3.734,67.21,251
deepseek-r1:1.5b,19,summarization,Summarize what DNA is in 2 sentences.,"DNA is a double-stranded molecule composed of the genetic code, consisting of the bases adenine (A), thymine (T), cytosine (C), and guanine (G). It plays a central role in DNA replication and evolution.",0.134,3.139,66.9,210
deepseek-r1:1.5b,20,summarization,Summarize what the internet is in 2 sentences.,"The internet is a global network of computers and web-connected devices, enabling communication, information sharing, and global connectivity. It facilitates easy access to information, e-commerce, cloud storage, and online collaboration, making tasks like accessing content, storing data securely, and facilitating global communication efficient and straightforward.",0.135,6.713,68.52,460
deepseek-r1:1.5b,21,creative,Write a one sentence tagline for a productivity app.,Optimize Your Productivity with the Perfect Productivity App!,0.137,4.966,67.86,337
deepseek-r1:1.5b,22,creative,Write a one sentence tagline for an AI startup.,Next Generation AI,0.176,2.706,65.4,177
deepseek-r1:1.5b,23,creative,Describe a futuristic city in 2 sentences.,"Paris, a city of advanced technology and mixed energy sources, features a smart grid powered by solar and geothermal power, connected to IoT devices for real-time management. The city emphasizes sustainability with recycled materials and a culture of eco-conscious individuals, blending modernity with nature.",0.136,4.269,67.7,289
deepseek-r1:1.5b,24,creative,Write a catchy name for a coffee shop.,"**Final Answer:**

""Sip and Play"" is a catchy and versatile name for a coffee shop. It captures the essence of sipping coffee while hinting at an engaging and enjoyable experience, making it perfect for a cozy atmosphere where people can savor their coffee and perhaps play with it.",0.137,9.947,67.86,675
deepseek-r1:1.5b,25,creative,Write a one sentence motivational quote about data.,"Data is the foundation of knowledge, but it's not the end. Just like a strong foundation can stand strong, data must be used wisely and critically to make informed decisions.",0.142,6.68,64.97,434
deepseek-r1:1.5b,26,analytical,What are 3 advantages of using local AI models over cloud APIs?,"Local AI models offer several key advantages over cloud APIs, which can be summarized as follows:

1. **More Data**: Local models can be trained on a larger dataset, potentially improving accuracy and performance without the need for extensive cloud storage.

2. **Faster Processing**: By operating on the user's local machine, local models can process data more quickly than cloud-based services, which often handle data transfer and processing from the cloud.

3. **Easier Deployment**: Local models can be developed and deployed on the user's local device, offering simplicity and cost-effectiveness compared to cloud services.

4. **Customization**: Local models can be tailored to specific needs before deployment, allowing for fine-tuning based on user requirements.

5. **Scalability**: Local models are flexible, capable of scaling with the user's needs without the limitations of cloud services, which may struggle with increased data.

6. **Real-Time Access**: Local models can be accessed anytime and anywhere, providing quick decision-making capabilities for applications requiring instant responses.

7. **Edge Performance**: They can be deployed on edge devices like smartphones or wearables, offering improved performance and lower latency.

These advantages make local AI models particularly suitable for real-time applications and scenarios requiring flexibility and customization.",0.139,12.741,68.2,869
deepseek-r1:1.5b,27,analytical,What are 3 disadvantages of large language models?,"The three main disadvantages of large language models are:

1. **Lack of Creativity and Decision-Making**: LLMs are highly data-driven and cannot truly innovate or make decisions that would require human creativity. They may not come up with entirely original ideas or express personal choices.

2. **Inability to Handle Emotions**: Despite processing complex information, LLMs lack the emotional intelligence to express feelings or provide nuanced responses, making them less effective at capturing user emotions.

3. **Limited Contextual Output**: LLMs provide responses that may lack emotional depth and personal connection, offering a more structured and lackluster output in terms of emotional engagement and reader connection.

These limitations stem from their lack of adaptability, emotional intelligence, and creativity, as well as their inability to fully capture human experiences.",0.143,10.965,67.22,737
deepseek-r1:1.5b,28,analytical,What is the difference between supervised and unsupervised learning?,"**Difference Between Supervised and Unsupervised Learning**

1. **Labeled vs. Unlabeled Data:**
   - **Supervised Learning:** Uses labeled data where each example is tagged with the correct output. The algorithm learns to map inputs to outputs.
   - **Unsupervised Learning:** Works with unlabeled data, discovering hidden patterns without prior knowledge of the outcomes.

2. **Purpose:**
   - **Supervised Learning:** Predicts outcomes based on input features using labeled data.
   - **Unsupervised Learning:** Identifies underlying structures in data by finding patterns or relationships.

3. **Examples:**
   - **Supervised Learning:** Email spam detection using labeled emails.
   - **Unsupervised Learning:** Discovering traffic patterns in a sales dataset without prior knowledge.

4. **Advantages and Disadvantages:**
   - **Supervised Learning:** Accurate due to labeled data, but requires significant labeling effort.
   - **Unsupervised Learning:** Useful for exploratory analysis, no labeled data, but may lack predictive accuracy.

5. **Applications:**
   - **Supervised Learning:** Spam filtering, credit scoring.
   - **Unsupervised Learning:** Market segmentation, traffic pattern discovery.

6. **Types:**
   - **Unsupervised Learning:** Includes clustering (e.g., K-means) and association learning.

In summary, supervised learning focuses on prediction using labeled data, while unsupervised learning finds patterns without labels, serving different roles in data analysis.",0.158,18.247,68.12,1243
deepseek-r1:1.5b,29,analytical,What are 3 use cases for RAG systems?,"**Three Use Cases for RAG Systems:**

1. **Aggregate Search**: 
   - **Description**: RAG systems are used to find information that spans multiple sources, enabling a broader, more comprehensive search. 
   - **Example**: A company looking to find clients across multiple cities without knowing which client is in which location. RAG would efficiently combine data from different databases to provide a comprehensive overview.

2. **Hard-to-Mapped Data Search**: 
   - **Description**: RAG systems are specifically designed to handle data that originates from various hard-to-map sources, such as images or documents. 
   - **Example**: Searching for a photo in your city without knowing its source. RAG would analyze metadata and other clues to determine the location of the photo, facilitating efficient retrieval.

3. **Information Overlap**: 
   - **Description**: RAG systems are used to find overlapping information across different sources, focusing on data that may share a common theme or source. 
   - **Example**: A researcher looking for literature across various fields. RAG would efficiently search multiple databases for related information, aiding in discovering relevant academic sources.

These use cases leverage RAG's capabilities to efficiently handle data from multiple sources, enhance search accuracy, and improve data retrieval in complex scenarios.",0.135,15.277,68.79,1051
deepseek-r1:1.5b,30,analytical,What is the tradeoff between model size and inference speed?,"The tradeoff between model size and inference speed is a fundamental consideration in machine learning, particularly in deep learning. Here's a structured overview:

### Model Size vs. Inference Speed

1. **Model Size and Complexity**:
   - **Larger Models**: More parameters lead to greater model complexity, enabling better learning of patterns and the ability to extrapolate. However, they require more computational resources.
   - **Smaller Models**: Fewer parameters are associated with less complexity, allowing for faster training and inference.

2. **Computational Resources**:
   - **Hardware**: More powerful GPUs or TPUs reduce inference time with larger models.
   - **Model Compression**: Techniques like weight pruning reduce parameter count, improving inference speed without significant loss in performance.

3. **Application Contexts**:
   - **Real-Time Applications**: Smaller models, efficient architectures, and optimizations are preferred.
   - **Natural Language Processing**: Complex models may require trade-offs between model size, inference speed, and computational resources.

4. **Benefits of Larger Models**:
   - Improved accuracy and ability to generalize from data.
   - Potentially faster training times, which might be beneficial for edge devices.

5. **Considerations**:
   - **Data Sufficiency**: Smaller models can be trained on limited datasets, offering efficiency.
   - **Training Time vs. Inference Time**: Balance between training and inference speed depends on specific needs.

### Balancing the Tradeoff

- **Model Pruning and Quantization**: Reduce parameters while maintaining performance to achieve faster inference.
- **Hardware Optimization**: Choose hardware suited to specific model sizes for faster execution.

In conclusion, the choice between model size and inference speed depends on the application's needs. A larger model offers better performance but slower inference, while a smaller model is faster but may miss out on complexity and accuracy.",0.138,18.762,68.44,1284
